LIFESTAGE,PREMIUM_CUSTOMER,PROD_NAME,TOT_SALES
YOUNG SINGLES/COUPLES,Mainstream,SmithsCrnkleChipOrgnlBigBag380g,3516.4
YOUNG SINGLES/COUPLES,Mainstream,SmithsCrinkleChipsSaltVinegar330g,3317.4
OLDER FAMILIES,Budget,SmithsCrinkleChipsSaltVinegar330g,3186.3
OLDER FAMILIES,Budget,SmithsCrnkleChipOrgnlBigBag380g,2991.3
RETIREES,Mainstream,SmithsCrnkleChipOrgnlBigBag380g,2755.3
YOUNG SINGLES/COUPLES,Mainstream,DoritosCornChipsCheeseSupreme170g,2732.4
OLDER SINGLES/COUPLES,Budget,SmithsCrnkleChipOrgnlBigBag380g,2684.5
RETIREES,Mainstream,SmithsCrinkleChipsSaltVinegar330g,2633.4
YOUNG SINGLES/COUPLES,Mainstream,DoritosCornChipsOriginal170g,2521.2000000000003
YOUNG FAMILIES,Budget,SmithsCrnkleChipOrgnlBigBag380g,2507.5
YOUNG FAMILIES,Budget,SmithsCrinkleChipsSaltVinegar330g,2502.3
OLDER SINGLES/COUPLES,Budget,SmithsCrinkleChipsSaltVinegar330g,2502.3
OLDER SINGLES/COUPLES,Mainstream,SmithsCrnkleChipOrgnlBigBag380g,2495.7000000000003
OLDER SINGLES/COUPLES,Premium,SmithsCrinkleChipsSaltVinegar330g,2456.7000000000003
OLDER FAMILIES,Budget,DoritosCornChipsCheeseSupreme170g,2455.2000000000003
YOUNG SINGLES/COUPLES,Mainstream,DoritosCornChipsNachoCheese170g,2415.6000000000004
OLDER SINGLES/COUPLES,Premium,SmithsCrnkleChipOrgnlBigBag380g,2348.2000000000003
RETIREES,Mainstream,DoritosCornChipsNachoCheese170g,2332.0
YOUNG SINGLES/COUPLES,Mainstream,TostitosSmokedChipotle175g,2279.2000000000003
RETIREES,Mainstream,DoritosCornChipsCheeseSupreme170g,2274.8
RETIREES,Budget,SmithsCrnkleChipOrgnlBigBag380g,2271.5
OLDER SINGLES/COUPLES,Mainstream,SmithsCrinkleChipsSaltVinegar330g,2223.0
RETIREES,Budget,SmithsCrinkleChipsSaltVinegar330g,2217.3
RETIREES,Mainstream,DoritosCornChipsOriginal170g,2142.8
YOUNG SINGLES/COUPLES,Mainstream,DoritosCornChipMexicanJalapeno150g,2113.7999999999997
YOUNG SINGLES/COUPLES,Mainstream,CobsPopdSourCrmChivesChips110g,2112.7999999999997
MIDAGE SINGLES/COUPLES,Mainstream,SmithsCrinkleChipsSaltVinegar330g,2103.3
OLDER FAMILIES,Budget,DoritosCornChipsOriginal170g,2103.2000000000003
YOUNG SINGLES/COUPLES,Mainstream,CobsPopdSwtChlliSrCreamChips110g,2078.6
RETIREES,Mainstream,DoritosCornChipMexicanJalapeno150g,2063.1
OLDER FAMILIES,Budget,TostitosSmokedChipotle175g,2046.0000000000002
RETIREES,Mainstream,TostitosSmokedChipotle175g,2032.8000000000002
OLDER SINGLES/COUPLES,Premium,DoritosCornChipsCheeseSupreme170g,2032.8000000000002
OLDER FAMILIES,Budget,DoritosCornChipsNachoCheese170g,2019.6000000000001
RETIREES,Mainstream,CobsPopdSwtChlliSrCreamChips110g,2017.8
RETIREES,Premium,SmithsCrnkleChipOrgnlBigBag380g,2000.1000000000001
OLDER SINGLES/COUPLES,Premium,DoritosCornChipSouthernChicken150g,1985.1
OLDER FAMILIES,Budget,CobsPopdSourCrmChivesChips110g,1979.8
MIDAGE SINGLES/COUPLES,Mainstream,SmithsCrnkleChipOrgnlBigBag380g,1976.5000000000002
YOUNG SINGLES/COUPLES,Mainstream,DoritosCornChipSouthernChicken150g,1969.5
OLDER SINGLES/COUPLES,Mainstream,DoritosCornChipsNachoCheese170g,1953.6000000000001
YOUNG SINGLES/COUPLES,Mainstream,CobsPopdSeaSaltChips110g,1953.1999999999998
OLDER SINGLES/COUPLES,Budget,DoritosCornChipsNachoCheese170g,1940.4
RETIREES,Mainstream,CobsPopdSeaSaltChips110g,1938.0
OLDER FAMILIES,Budget,CobsPopdSwtChlliSrCreamChips110g,1938.0
OLDER SINGLES/COUPLES,Budget,DoritosCornChipsCheeseSupreme170g,1936.0000000000002
YOUNG FAMILIES,Budget,DoritosCornChipsNachoCheese170g,1936.0000000000002
OLDER SINGLES/COUPLES,Budget,TostitosSmokedChipotle175g,1922.8000000000002
YOUNG FAMILIES,Budget,DoritosCornChipsCheeseSupreme170g,1914.0000000000002
OLDER SINGLES/COUPLES,Mainstream,DoritosCornChipsOriginal170g,1914.0000000000002
OLDER FAMILIES,Budget,DoritosCornChipSouthernChicken150g,1899.3
OLDER FAMILIES,Mainstream,SmithsCrinkleChipsSaltVinegar330g,1898.1000000000001
OLDER SINGLES/COUPLES,Mainstream,CobsPopdSeaSaltChips110g,1888.6
OLDER FAMILIES,Budget,DoritosCornChipMexicanJalapeno150g,1887.6
OLDER SINGLES/COUPLES,Premium,DoritosCornChipsOriginal170g,1878.8000000000002
OLDER SINGLES/COUPLES,Budget,CobsPopdSeaSaltChips110g,1877.1999999999998
OLDER FAMILIES,Mainstream,SmithsCrnkleChipOrgnlBigBag380g,1876.2
RETIREES,Mainstream,DoritosCornChipSouthernChicken150g,1833.0
OLDER SINGLES/COUPLES,Mainstream,DoritosCornChipsCheeseSupreme170g,1830.4
YOUNG FAMILIES,Budget,TostitosSmokedChipotle175g,1821.6000000000001
OLDER FAMILIES,Budget,ThinsPotatoChipsHotSpicy175g,1811.6999999999998
OLDER SINGLES/COUPLES,Mainstream,TostitosSmokedChipotle175g,1808.4
OLDER SINGLES/COUPLES,Budget,DoritosCornChipsOriginal170g,1804.0000000000002
YOUNG SINGLES/COUPLES,Mainstream,ThinsPotatoChipsHotSpicy175g,1801.8
OLDER SINGLES/COUPLES,Premium,TostitosSmokedChipotle175g,1760.0000000000002
RETIREES,Mainstream,ThinsPotatoChipsHotSpicy175g,1755.6
OLDER SINGLES/COUPLES,Budget,DoritosCornChipSouthernChicken150g,1755.0
YOUNG FAMILIES,Budget,DoritosCornChipsOriginal170g,1751.2
OLDER FAMILIES,Budget,CobsPopdSeaSaltChips110g,1740.3999999999999
YOUNG FAMILIES,Budget,DoritosCornChipSouthernChicken150g,1735.5
RETIREES,Budget,DoritosCornChipsNachoCheese170g,1729.2
YOUNG FAMILIES,Mainstream,SmithsCrnkleChipOrgnlBigBag380g,1722.8000000000002
YOUNG FAMILIES,Budget,CobsPopdSeaSaltChips110g,1717.6
RETIREES,Mainstream,ThinsChipsSaltVinegar175g,1709.3999999999999
RETIREES,Mainstream,CobsPopdSourCrmChivesChips110g,1698.6
OLDER SINGLES/COUPLES,Budget,DoritosCornChipMexicanJalapeno150g,1684.8
RETIREES,Budget,TostitosSmokedChipotle175g,1676.4
RETIREES,Mainstream,ThinsChipsLightTangy175g,1673.1
RETIREES,Budget,DoritosCornChipsOriginal170g,1667.6000000000001
YOUNG SINGLES/COUPLES,Mainstream,ThinsChipsSeasonedchicken175g,1666.5
OLDER SINGLES/COUPLES,Mainstream,DoritosCornChipMexicanJalapeno150g,1665.3
OLDER SINGLES/COUPLES,Premium,DoritosCornChipsNachoCheese170g,1650.0000000000002
YOUNG SINGLES/COUPLES,Mainstream,ThinsChipsLightTangy175g,1650.0
RETIREES,Budget,DoritosCornChipSouthernChicken150g,1649.7
OLDER SINGLES/COUPLES,Mainstream,CobsPopdSwtChlliSrCreamChips110g,1645.3999999999999
RETIREES,Premium,SmithsCrinkleChipsSaltVinegar330g,1641.6000000000001
YOUNG FAMILIES,Budget,DoritosCornChipMexicanJalapeno150g,1630.2
OLDER SINGLES/COUPLES,Budget,ThinsChipsSaltVinegar175g,1623.6
OLDER SINGLES/COUPLES,Budget,CobsPopdSourCrmChivesChips110g,1615.0
OLDER FAMILIES,Budget,ThinsChipsSeasonedchicken175g,1603.8
RETIREES,Mainstream,ThinsChipsSeasonedchicken175g,1600.5
OLDER FAMILIES,Budget,ThinsChipsSaltVinegar175g,1590.6
OLDER SINGLES/COUPLES,Budget,CobsPopdSwtChlliSrCreamChips110g,1588.3999999999999
OLDER SINGLES/COUPLES,Premium,CobsPopdSwtChlliSrCreamChips110g,1588.3999999999999
OLDER SINGLES/COUPLES,Mainstream,DoritosCornChipSouthernChicken150g,1587.3
OLDER SINGLES/COUPLES,Mainstream,CobsPopdSourCrmChivesChips110g,1584.6
OLDER FAMILIES,Budget,ThinsChipsLightTangy175g,1580.6999999999998
YOUNG FAMILIES,Mainstream,SmithsCrinkleChipsSaltVinegar330g,1567.5
YOUNG SINGLES/COUPLES,Mainstream,ThinsChipsSaltVinegar175g,1564.1999999999998
RETIREES,Budget,CobsPopdSeaSaltChips110g,1550.3999999999999
RETIREES,Budget,DoritosCornChipsCheeseSupreme170g,1544.4
OLDER SINGLES/COUPLES,Premium,CobsPopdSeaSaltChips110g,1531.3999999999999
OLDER SINGLES/COUPLES,Mainstream,ThinsChipsSeasonedchicken175g,1531.1999999999998
OLDER SINGLES/COUPLES,Premium,ThinsChipsSeasonedchicken175g,1527.8999999999999
OLDER SINGLES/COUPLES,Budget,ThinsChipsSeasonedchicken175g,1521.3
OLDER SINGLES/COUPLES,Premium,DoritosCornChipMexicanJalapeno150g,1513.2
OLDER SINGLES/COUPLES,Premium,CobsPopdSourCrmChivesChips110g,1493.3999999999999
MIDAGE SINGLES/COUPLES,Mainstream,DoritosCornChipsNachoCheese170g,1491.6000000000001
RETIREES,Budget,CobsPopdSwtChlliSrCreamChips110g,1489.6
OLDER SINGLES/COUPLES,Budget,ThinsChipsLightTangy175g,1485.0
YOUNG FAMILIES,Premium,SmithsCrinkleChipsSaltVinegar330g,1470.6000000000001
RETIREES,Premium,TostitosSmokedChipotle175g,1465.2
OLDER FAMILIES,Premium,SmithsCrinkleChipsSaltVinegar330g,1464.9
OLDER FAMILIES,Mainstream,DoritosCornChipsNachoCheese170g,1452.0000000000002
MIDAGE SINGLES/COUPLES,Mainstream,TostitosSmokedChipotle175g,1447.6000000000001
OLDER SINGLES/COUPLES,Premium,ThinsPotatoChipsHotSpicy175g,1435.5
RETIREES,Budget,DoritosCornChipMexicanJalapeno150g,1435.2
YOUNG FAMILIES,Premium,SmithsCrnkleChipOrgnlBigBag380g,1433.7
OLDER SINGLES/COUPLES,Premium,ThinsChipsLightTangy175g,1419.0
YOUNG FAMILIES,Budget,CobsPopdSourCrmChivesChips110g,1398.3999999999999
RETIREES,Premium,DoritosCornChipsOriginal170g,1390.4
YOUNG FAMILIES,Budget,CobsPopdSwtChlliSrCreamChips110g,1387.0
RETIREES,Budget,ThinsChipsLightTangy175g,1379.3999999999999
OLDER FAMILIES,Mainstream,TostitosSmokedChipotle175g,1364.0
OLDER SINGLES/COUPLES,Mainstream,ThinsPotatoChipsHotSpicy175g,1362.8999999999999
YOUNG FAMILIES,Mainstream,TostitosSmokedChipotle175g,1346.4
OLDER SINGLES/COUPLES,Mainstream,ThinsChipsSaltVinegar175g,1346.3999999999999
YOUNG FAMILIES,Budget,ThinsPotatoChipsHotSpicy175g,1343.1
OLDER FAMILIES,Mainstream,CobsPopdSourCrmChivesChips110g,1337.6
YOUNG FAMILIES,Budget,ThinsChipsSaltVinegar175g,1326.6
YOUNG FAMILIES,Budget,ThinsChipsSeasonedchicken175g,1320.0
OLDER FAMILIES,Mainstream,DoritosCornChipMexicanJalapeno150g,1318.2
OLDER SINGLES/COUPLES,Budget,ThinsPotatoChipsHotSpicy175g,1306.8
RETIREES,Budget,ThinsChipsSeasonedchicken175g,1303.5
RETIREES,Budget,CobsPopdSourCrmChivesChips110g,1303.3999999999999
OLDER FAMILIES,Mainstream,DoritosCornChipsOriginal170g,1302.4
OLDER SINGLES/COUPLES,Mainstream,ThinsChipsLightTangy175g,1300.1999999999998
MIDAGE SINGLES/COUPLES,Mainstream,CobsPopdSourCrmChivesChips110g,1299.6
OLDER FAMILIES,Premium,SmithsCrnkleChipOrgnlBigBag380g,1298.0
OLDER SINGLES/COUPLES,Premium,ThinsChipsSaltVinegar175g,1287.0
YOUNG FAMILIES,Budget,ThinsChipsLightTangy175g,1283.6999999999998
RETIREES,Premium,DoritosCornChipsCheeseSupreme170g,1276.0
RETIREES,Premium,CobsPopdSeaSaltChips110g,1269.2
OLDER FAMILIES,Mainstream,DoritosCornChipsCheeseSupreme170g,1262.8000000000002
RETIREES,Premium,DoritosCornChipsNachoCheese170g,1240.8000000000002
RETIREES,Budget,ThinsPotatoChipsHotSpicy175g,1224.3
RETIREES,Premium,CobsPopdSourCrmChivesChips110g,1223.6
OLDER FAMILIES,Mainstream,CobsPopdSwtChlliSrCreamChips110g,1219.8
MIDAGE SINGLES/COUPLES,Mainstream,DoritosCornChipsOriginal170g,1218.8000000000002
MIDAGE SINGLES/COUPLES,Mainstream,DoritosCornChipMexicanJalapeno150g,1205.1
YOUNG FAMILIES,Mainstream,CobsPopdSwtChlliSrCreamChips110g,1200.8
RETIREES,Premium,CobsPopdSwtChlliSrCreamChips110g,1197.0
YOUNG FAMILIES,Mainstream,DoritosCornChipsCheeseSupreme170g,1196.8000000000002
YOUNG FAMILIES,Premium,CobsPopdSwtChlliSrCreamChips110g,1193.2
YOUNG FAMILIES,Mainstream,DoritosCornChipsOriginal170g,1192.4
YOUNG FAMILIES,Premium,DoritosCornChipsNachoCheese170g,1188.0
YOUNG FAMILIES,Premium,DoritosCornChipsCheeseSupreme170g,1183.6000000000001
YOUNG FAMILIES,Mainstream,CobsPopdSeaSaltChips110g,1181.8
RETIREES,Premium,ThinsPotatoChipsHotSpicy175g,1178.1
MIDAGE SINGLES/COUPLES,Mainstream,CobsPopdSwtChlliSrCreamChips110g,1178.0
MIDAGE SINGLES/COUPLES,Mainstream,DoritosCornChipsCheeseSupreme170g,1174.8000000000002
RETIREES,Premium,DoritosCornChipMexicanJalapeno150g,1173.8999999999999
YOUNG FAMILIES,Premium,TostitosSmokedChipotle175g,1170.4
OLDER FAMILIES,Mainstream,CobsPopdSeaSaltChips110g,1170.3999999999999
YOUNG FAMILIES,Mainstream,DoritosCornChipMexicanJalapeno150g,1170.0
MIDAGE SINGLES/COUPLES,Mainstream,DoritosCornChipSouthernChicken150g,1166.1
RETIREES,Premium,ThinsChipsLightTangy175g,1164.8999999999999
YOUNG FAMILIES,Mainstream,DoritosCornChipSouthernChicken150g,1162.2
MIDAGE SINGLES/COUPLES,Premium,SmithsCrnkleChipOrgnlBigBag380g,1156.4
MIDAGE SINGLES/COUPLES,Mainstream,CobsPopdSeaSaltChips110g,1136.2
OLDER FAMILIES,Mainstream,ThinsPotatoChipsHotSpicy175g,1128.6
OLDER FAMILIES,Mainstream,DoritosCornChipSouthernChicken150g,1127.1
YOUNG FAMILIES,Premium,CobsPopdSourCrmChivesChips110g,1098.2
OLDER FAMILIES,Mainstream,ThinsChipsLightTangy175g,1085.7
RETIREES,Budget,ThinsChipsSaltVinegar175g,1085.7
OLDER FAMILIES,Premium,DoritosCornChipsNachoCheese170g,1069.2
RETIREES,Premium,DoritosCornChipSouthernChicken150g,1064.7
YOUNG FAMILIES,Mainstream,DoritosCornChipsNachoCheese170g,1051.6000000000001
YOUNG FAMILIES,Premium,DoritosCornChipMexicanJalapeno150g,1045.2
OLDER FAMILIES,Premium,TostitosSmokedChipotle175g,1025.2
YOUNG FAMILIES,Mainstream,CobsPopdSourCrmChivesChips110g,1022.1999999999999
YOUNG FAMILIES,Premium,DoritosCornChipsOriginal170g,1016.4000000000001
MIDAGE SINGLES/COUPLES,Mainstream,ThinsPotatoChipsHotSpicy175g,1006.5
MIDAGE SINGLES/COUPLES,Mainstream,ThinsChipsLightTangy175g,1003.1999999999999
OLDER FAMILIES,Mainstream,ThinsChipsSaltVinegar175g,999.9
RETIREES,Premium,ThinsChipsSaltVinegar175g,970.1999999999999
YOUNG FAMILIES,Mainstream,ThinsChipsLightTangy175g,970.1999999999999
OLDER FAMILIES,Mainstream,ThinsChipsSeasonedchicken175g,970.1999999999999
YOUNG SINGLES/COUPLES,Budget,SmithsCrinkleChipsSaltVinegar330g,969.0
OLDER FAMILIES,Premium,DoritosCornChipsCheeseSupreme170g,963.6
OLDER FAMILIES,Premium,DoritosCornChipMexicanJalapeno150g,947.6999999999999
YOUNG FAMILIES,Premium,CobsPopdSeaSaltChips110g,942.4
OLDER FAMILIES,Budget,NaturalChipCoSeaSaltVinegr175g,942.0
OLDER FAMILIES,Budget,SmithsCrinkleCutChipsOriginal170g,939.6
OLDER FAMILIES,Budget,ThinsChipsOriginlsaltd175g,930.5999999999999
OLDER FAMILIES,Budget,SmithsChipThinlyCutOriginal175g,930.0
RETIREES,Premium,ThinsChipsSeasonedchicken175g,927.3
OLDER FAMILIES,Premium,CobsPopdSeaSaltChips110g,919.5999999999999
YOUNG FAMILIES,Premium,ThinsChipsSaltVinegar175g,917.4
OLDER FAMILIES,Budget,SmithsCrinkleCutChipsBarbecue170g,913.5
OLDER FAMILIES,Budget,SmithsChipThinlySCreamOnion175g,912.0
OLDER FAMILIES,Premium,DoritosCornChipsOriginal170g,906.4000000000001
OLDER FAMILIES,Budget,NaturalChipCoTmatoHrbSpce175g,903.0
YOUNG SINGLES/COUPLES,Budget,SmithsCrnkleChipOrgnlBigBag380g,902.7
OLDER FAMILIES,Premium,CobsPopdSwtChlliSrCreamChips110g,896.8
YOUNG FAMILIES,Premium,DoritosCornChipSouthernChicken150g,881.4
YOUNG SINGLES/COUPLES,Budget,DoritosCornChipsOriginal170g,880.0000000000001
YOUNG FAMILIES,Mainstream,ThinsChipsSeasonedchicken175g,877.8
MIDAGE SINGLES/COUPLES,Mainstream,ThinsChipsSeasonedchicken175g,864.5999999999999
YOUNG FAMILIES,Premium,ThinsPotatoChipsHotSpicy175g,864.5999999999999
YOUNG FAMILIES,Mainstream,ThinsChipsSaltVinegar175g,861.3
YOUNG FAMILIES,Premium,ThinsChipsLightTangy175g,858.0
YOUNG FAMILIES,Mainstream,ThinsPotatoChipsHotSpicy175g,854.6999999999999
MIDAGE SINGLES/COUPLES,Mainstream,ThinsChipsSaltVinegar175g,834.9
OLDER FAMILIES,Budget,SmithsChipThinlyCutSaltVinegr175g,834.0
YOUNG SINGLES/COUPLES,Budget,TostitosSmokedChipotle175g,831.6
OLDER FAMILIES,Budget,FrenchFriesPotatoChips175g,828.0
OLDER FAMILIES,Premium,CobsPopdSourCrmChivesChips110g,824.5999999999999
MIDAGE SINGLES/COUPLES,Premium,DoritosCornChipsOriginal170g,822.8000000000001
OLDER FAMILIES,Premium,ThinsChipsLightTangy175g,821.6999999999999
YOUNG FAMILIES,Budget,ThinsChipsOriginlsaltd175g,808.5
YOUNG SINGLES/COUPLES,Premium,SmithsCrnkleChipOrgnlBigBag380g,808.3000000000001
YOUNG SINGLES/COUPLES,Budget,DoritosCornChipsCheeseSupreme170g,805.2
OLDER FAMILIES,Premium,DoritosCornChipSouthernChicken150g,803.4
OLDER FAMILIES,Budget,SmithsCrinkleCutChipsChsOnion170g,803.3
OLDER FAMILIES,Premium,ThinsChipsSaltVinegar175g,801.9
OLDER FAMILIES,Budget,SmithsCrinkleCutChipsChicken170g,800.4
YOUNG FAMILIES,Budget,SmithsChipThinlyCutOriginal175g,786.0
MIDAGE SINGLES/COUPLES,Premium,DoritosCornChipsNachoCheese170g,783.2
OLDER FAMILIES,Premium,ThinsPotatoChipsHotSpicy175g,782.0999999999999
RETIREES,Mainstream,ThinsChipsOriginlsaltd175g,782.0999999999999
MIDAGE SINGLES/COUPLES,Premium,TostitosSmokedChipotle175g,778.8000000000001
YOUNG SINGLES/COUPLES,Budget,DoritosCornChipsNachoCheese170g,778.8000000000001
OLDER FAMILIES,Premium,ThinsChipsSeasonedchicken175g,778.8
OLDER FAMILIES,Budget,NaturalChipCompnySeaSalt175g,771.0
MIDAGE SINGLES/COUPLES,Premium,DoritosCornChipMexicanJalapeno150g,764.4
OLDER FAMILIES,Budget,NaturalChipCoHonySoyChckn175g,750.0
MIDAGE SINGLES/COUPLES,Premium,CobsPopdSeaSaltChips110g,748.5999999999999
YOUNG FAMILIES,Budget,NaturalChipCoTmatoHrbSpce175g,747.0
MIDAGE SINGLES/COUPLES,Premium,SmithsCrinkleChipsSaltVinegar330g,746.7
YOUNG SINGLES/COUPLES,Budget,CobsPopdSwtChlliSrCreamChips110g,744.8
YOUNG FAMILIES,Budget,NaturalChipCoHonySoyChckn175g,738.0
YOUNG FAMILIES,Premium,ThinsChipsSeasonedchicken175g,726.0
YOUNG FAMILIES,Budget,FrenchFriesPotatoChips175g,726.0
YOUNG SINGLES/COUPLES,Budget,ThinsChipsSeasonedchicken175g,719.4
YOUNG FAMILIES,Budget,SmithsCrinkleCutChipsChsOnion170g,719.1999999999999
RETIREES,Mainstream,NaturalChipCoTmatoHrbSpce175g,717.0
YOUNG FAMILIES,Budget,SmithsChipThinlyCutSaltVinegr175g,711.0
RETIREES,Mainstream,NaturalChipCoHonySoyChckn175g,708.0
YOUNG FAMILIES,Budget,SmithsCrinkleCutChipsChicken170g,704.6999999999999
YOUNG FAMILIES,Budget,SmithsCrinkleCutChipsBarbecue170g,698.9
MIDAGE SINGLES/COUPLES,Premium,DoritosCornChipSouthernChicken150g,698.1
YOUNG SINGLES/COUPLES,Budget,CobsPopdSeaSaltChips110g,695.4
MIDAGE SINGLES/COUPLES,Premium,CobsPopdSwtChlliSrCreamChips110g,695.4
MIDAGE SINGLES/COUPLES,Premium,DoritosCornChipsCheeseSupreme170g,695.2
YOUNG SINGLES/COUPLES,Budget,DoritosCornChipSouthernChicken150g,694.1999999999999
YOUNG FAMILIES,Budget,NaturalChipCoSeaSaltVinegr175g,681.0
YOUNG SINGLES/COUPLES,Budget,DoritosCornChipMexicanJalapeno150g,678.6
RETIREES,Mainstream,SmithsChipThinlySCreamOnion175g,678.0
YOUNG SINGLES/COUPLES,Budget,ThinsPotatoChipsHotSpicy175g,676.5
OLDER SINGLES/COUPLES,Budget,NaturalChipCoTmatoHrbSpce175g,675.0
OLDER SINGLES/COUPLES,Premium,ThinsChipsOriginlsaltd175g,673.1999999999999
YOUNG FAMILIES,Budget,SmithsChipThinlySCreamOnion175g,669.0
OLDER SINGLES/COUPLES,Mainstream,NaturalChipCoSeaSaltVinegr175g,666.0
YOUNG FAMILIES,Budget,SmithsCrinkleCutChipsOriginal170g,655.4
YOUNG FAMILIES,Budget,NaturalChipCompnySeaSalt175g,654.0
OLDER SINGLES/COUPLES,Premium,SmithsChipThinlyCutOriginal175g,654.0
OLDER FAMILIES,Mainstream,NaturalChipCoTmatoHrbSpce175g,654.0
OLDER SINGLES/COUPLES,Mainstream,SmithsCrinkleCutChipsChicken170g,652.5
RETIREES,Mainstream,SmithsCrinkleCutChipsChsOnion170g,646.6999999999999
YOUNG SINGLES/COUPLES,Premium,SmithsCrinkleChipsSaltVinegar330g,644.1
YOUNG FAMILIES,Mainstream,SmithsChipThinlyCutOriginal175g,630.0
MIDAGE SINGLES/COUPLES,Premium,CobsPopdSourCrmChivesChips110g,627.0
RETIREES,Mainstream,NaturalChipCoSeaSaltVinegr175g,624.0
OLDER FAMILIES,Mainstream,NaturalChipCoSeaSaltVinegr175g,621.0
MIDAGE SINGLES/COUPLES,Budget,DoritosCornChipsCheeseSupreme170g,620.4000000000001
OLDER FAMILIES,Budget,WWSourCreamOnionStackedChips160g,619.4
OLDER SINGLES/COUPLES,Budget,NaturalChipCompnySeaSalt175g,618.0
RETIREES,Mainstream,SmithsCrinkleCutChipsChicken170g,617.6999999999999
YOUNG SINGLES/COUPLES,Premium,CobsPopdSourCrmChivesChips110g,615.6
MIDAGE SINGLES/COUPLES,Budget,SmithsCrnkleChipOrgnlBigBag380g,613.6
OLDER SINGLES/COUPLES,Budget,SmithsCrinkleCutChipsOriginal170g,606.1
OLDER SINGLES/COUPLES,Budget,NaturalChipCoHonySoyChckn175g,606.0
RETIREES,Mainstream,SmithsChipThinlyCutOriginal175g,606.0
MIDAGE SINGLES/COUPLES,Premium,ThinsChipsSaltVinegar175g,603.9
MIDAGE SINGLES/COUPLES,Premium,ThinsPotatoChipsHotSpicy175g,603.9
OLDER FAMILIES,Budget,WWDStyleChipSeaSalt200g,602.3
OLDER FAMILIES,Mainstream,SmithsChipThinlyCutOriginal175g,597.0
OLDER SINGLES/COUPLES,Premium,SmithsChipThinlyCutSaltVinegr175g,597.0
OLDER FAMILIES,Mainstream,SmithsChipThinlyCutSaltVinegr175g,594.0
OLDER FAMILIES,Mainstream,ThinsChipsOriginlsaltd175g,594.0
OLDER SINGLES/COUPLES,Mainstream,NaturalChipCompnySeaSalt175g,594.0
RETIREES,Mainstream,SmithsChipThinlyCutSaltVinegr175g,588.0
MIDAGE SINGLES/COUPLES,Premium,ThinsChipsLightTangy175g,587.4
RETIREES,Mainstream,NaturalChipCompnySeaSalt175g,585.0
OLDER SINGLES/COUPLES,Mainstream,SmithsChipThinlyCutOriginal175g,579.0
OLDER FAMILIES,Mainstream,SmithsCrinkleCutChipsBarbecue170g,574.1999999999999
RETIREES,Mainstream,SmithsCrinkleCutChipsOriginal170g,571.3
YOUNG SINGLES/COUPLES,Budget,ThinsChipsSaltVinegar175g,567.6
OLDER SINGLES/COUPLES,Mainstream,FrenchFriesPotatoChips175g,567.0
YOUNG SINGLES/COUPLES,Budget,CobsPopdSourCrmChivesChips110g,566.1999999999999
YOUNG FAMILIES,Mainstream,SmithsCrinkleCutChipsChicken170g,565.5
OLDER SINGLES/COUPLES,Budget,SmithsChipThinlySCreamOnion175g,564.0
OLDER SINGLES/COUPLES,Mainstream,NaturalChipCoHonySoyChckn175g,561.0
YOUNG FAMILIES,Mainstream,SmithsCrinkleCutChipsChsOnion170g,556.8
OLDER FAMILIES,Mainstream,NaturalChipCompnySeaSalt175g,555.0
OLDER SINGLES/COUPLES,Mainstream,SmithsChipThinlySCreamOnion175g,555.0
OLDER FAMILIES,Budget,WWOriginalCornChips200g,554.8
OLDER SINGLES/COUPLES,Premium,SmithsChipThinlySCreamOnion175g,552.0
OLDER SINGLES/COUPLES,Budget,SmithsCrinkleCutChipsChicken170g,548.1
OLDER SINGLES/COUPLES,Premium,NaturalChipCoSeaSaltVinegr175g,546.0
OLDER SINGLES/COUPLES,Mainstream,SmithsCrinkleCutChipsBarbecue170g,545.1999999999999
YOUNG SINGLES/COUPLES,Premium,CobsPopdSeaSaltChips110g,543.4
OLDER SINGLES/COUPLES,Mainstream,SmithsCrinkleCutChipsOriginal170g,542.3
OLDER SINGLES/COUPLES,Budget,ThinsChipsOriginlsaltd175g,537.9
YOUNG SINGLES/COUPLES,Premium,CobsPopdSwtChlliSrCreamChips110g,535.8
YOUNG SINGLES/COUPLES,Mainstream,ThinsChipsOriginlsaltd175g,534.6
RETIREES,Mainstream,FrenchFriesPotatoChips175g,531.0
OLDER SINGLES/COUPLES,Premium,NaturalChipCoHonySoyChckn175g,528.0
YOUNG FAMILIES,Mainstream,NaturalChipCoHonySoyChckn175g,528.0
OLDER SINGLES/COUPLES,Premium,FrenchFriesPotatoChips175g,528.0
OLDER SINGLES/COUPLES,Mainstream,ThinsChipsOriginlsaltd175g,528.0
OLDER SINGLES/COUPLES,Premium,NaturalChipCoTmatoHrbSpce175g,522.0
OLDER SINGLES/COUPLES,Mainstream,SmithsCrinkleCutChipsChsOnion170g,522.0
OLDER SINGLES/COUPLES,Mainstream,NaturalChipCoTmatoHrbSpce175g,522.0
RETIREES,Mainstream,SmithsCrinkleCutChipsBarbecue170g,522.0
OLDER FAMILIES,Mainstream,SmithsCrinkleCutChipsChsOnion170g,519.1
OLDER SINGLES/COUPLES,Mainstream,SmithsChipThinlyCutSaltVinegr175g,519.0
MIDAGE SINGLES/COUPLES,Budget,DoritosCornChipSouthernChicken150g,518.7
OLDER SINGLES/COUPLES,Premium,SmithsCrinkleCutChipsBarbecue170g,516.1999999999999
YOUNG SINGLES/COUPLES,Premium,TostitosSmokedChipotle175g,514.8000000000001
YOUNG FAMILIES,Mainstream,FrenchFriesPotatoChips175g,513.0
YOUNG FAMILIES,Premium,SmithsChipThinlyCutOriginal175g,513.0
YOUNG SINGLES/COUPLES,Premium,DoritosCornChipsOriginal170g,510.40000000000003
OLDER FAMILIES,Budget,WWOriginalStackedChips160g,509.2
YOUNG FAMILIES,Mainstream,SmithsCrinkleCutChipsBarbecue170g,507.5
OLDER SINGLES/COUPLES,Budget,SmithsChipThinlyCutSaltVinegr175g,507.0
OLDER FAMILIES,Premium,SmithsCrinkleCutChipsBarbecue170g,504.59999999999997
YOUNG SINGLES/COUPLES,Premium,DoritosCornChipMexicanJalapeno150g,503.09999999999997
MIDAGE SINGLES/COUPLES,Budget,SmithsCrinkleChipsSaltVinegar330g,501.6
YOUNG SINGLES/COUPLES,Budget,ThinsChipsLightTangy175g,498.29999999999995
YOUNG SINGLES/COUPLES,Premium,ThinsChipsSaltVinegar175g,498.29999999999995
OLDER SINGLES/COUPLES,Premium,NaturalChipCompnySeaSalt175g,498.0
YOUNG FAMILIES,Premium,NaturalChipCoTmatoHrbSpce175g,498.0
YOUNG FAMILIES,Premium,NaturalChipCoSeaSaltVinegr175g,492.0
OLDER SINGLES/COUPLES,Budget,SmithsCrinkleCutChipsBarbecue170g,490.09999999999997
OLDER FAMILIES,Mainstream,SmithsChipThinlySCreamOnion175g,489.0
YOUNG SINGLES/COUPLES,Premium,ThinsChipsSeasonedchicken175g,488.4
YOUNG FAMILIES,Budget,WWDStyleChipSeaSalt200g,488.29999999999995
MIDAGE SINGLES/COUPLES,Budget,DoritosCornChipMexicanJalapeno150g,487.5
OLDER SINGLES/COUPLES,Budget,NaturalChipCoSeaSaltVinegr175g,486.0
YOUNG FAMILIES,Mainstream,NaturalChipCoTmatoHrbSpce175g,483.0
OLDER FAMILIES,Budget,WWSupremeCheeseCornChips200g,482.59999999999997
OLDER SINGLES/COUPLES,Premium,SmithsCrinkleCutChipsOriginal170g,481.4
YOUNG SINGLES/COUPLES,Mainstream,NaturalChipCoSeaSaltVinegr175g,477.0
YOUNG FAMILIES,Mainstream,SmithsChipThinlySCreamOnion175g,477.0
OLDER FAMILIES,Mainstream,FrenchFriesPotatoChips175g,474.0
OLDER FAMILIES,Mainstream,SmithsCrinkleCutChipsChicken170g,472.7
OLDER SINGLES/COUPLES,Budget,FrenchFriesPotatoChips175g,471.0
MIDAGE SINGLES/COUPLES,Budget,DoritosCornChipsOriginal170g,470.8
OLDER FAMILIES,Mainstream,SmithsCrinkleCutChipsOriginal170g,469.8
OLDER FAMILIES,Premium,SmithsChipThinlySCreamOnion175g,468.0
MIDAGE SINGLES/COUPLES,Budget,TostitosSmokedChipotle175g,466.40000000000003
MIDAGE SINGLES/COUPLES,Budget,DoritosCornChipsNachoCheese170g,466.40000000000003
OLDER SINGLES/COUPLES,Budget,SmithsChipThinlyCutOriginal175g,465.0
RETIREES,Budget,NaturalChipCompnySeaSalt175g,465.0
YOUNG SINGLES/COUPLES,Premium,DoritosCornChipSouthernChicken150g,464.09999999999997
OLDER SINGLES/COUPLES,Premium,SmithsCrinkleCutChipsChsOnion170g,464.0
YOUNG SINGLES/COUPLES,Premium,DoritosCornChipsCheeseSupreme170g,462.00000000000006
OLDER FAMILIES,Premium,NaturalChipCompnySeaSalt175g,462.0
MIDAGE SINGLES/COUPLES,Premium,ThinsChipsSeasonedchicken175g,462.0
OLDER SINGLES/COUPLES,Budget,SmithsCrinkleCutChipsChsOnion170g,461.09999999999997
RETIREES,Budget,SmithsCrinkleCutChipsChicken170g,461.09999999999997
OLDER FAMILIES,Premium,NaturalChipCoHonySoyChckn175g,459.0
YOUNG FAMILIES,Mainstream,ThinsChipsOriginlsaltd175g,458.7
YOUNG FAMILIES,Mainstream,SmithsChipThinlyCutSaltVinegr175g,456.0
OLDER FAMILIES,Mainstream,NaturalChipCoHonySoyChckn175g,456.0
YOUNG FAMILIES,Mainstream,SmithsCrinkleCutChipsOriginal170g,452.4
OLDER SINGLES/COUPLES,Premium,SmithsCrinkleCutChipsChicken170g,449.5
YOUNG FAMILIES,Premium,SmithsCrinkleCutChipsChsOnion170g,446.59999999999997
YOUNG FAMILIES,Budget,WWOriginalStackedChips160g,446.5
YOUNG SINGLES/COUPLES,Mainstream,NaturalChipCompnySeaSalt175g,444.0
MIDAGE SINGLES/COUPLES,Budget,ThinsChipsLightTangy175g,442.2
OLDER FAMILIES,Premium,SmithsChipThinlyCutOriginal175g,441.0
MIDAGE SINGLES/COUPLES,Budget,CobsPopdSeaSaltChips110g,440.79999999999995
MIDAGE SINGLES/COUPLES,Budget,CobsPopdSourCrmChivesChips110g,440.79999999999995
RETIREES,Budget,ThinsChipsOriginlsaltd175g,438.9
YOUNG FAMILIES,Budget,WWSupremeCheeseCornChips200g,438.9
YOUNG FAMILIES,Premium,ThinsChipsOriginlsaltd175g,438.9
RETIREES,Budget,NaturalChipCoSeaSaltVinegr175g,435.0
RETIREES,Mainstream,WWDStyleChipSeaSalt200g,433.2
YOUNG FAMILIES,Budget,WWOriginalCornChips200g,431.29999999999995
OLDER SINGLES/COUPLES,Mainstream,WWSourCreamOnionStackedChips160g,431.29999999999995
MIDAGE SINGLES/COUPLES,Budget,CobsPopdSwtChlliSrCreamChips110g,429.4
OLDER FAMILIES,Premium,ThinsChipsOriginlsaltd175g,429.0
YOUNG SINGLES/COUPLES,Premium,ThinsChipsLightTangy175g,429.0
YOUNG SINGLES/COUPLES,Mainstream,FrenchFriesPotatoChips175g,429.0
YOUNG SINGLES/COUPLES,Budget,SmithsChipThinlyCutOriginal175g,426.0
YOUNG FAMILIES,Premium,NaturalChipCoHonySoyChckn175g,426.0
YOUNG SINGLES/COUPLES,Mainstream,NaturalChipCoTmatoHrbSpce175g,426.0
OLDER FAMILIES,Premium,SmithsCrinkleCutChipsChsOnion170g,420.5
YOUNG SINGLES/COUPLES,Mainstream,SmithsChipThinlyCutOriginal175g,420.0
RETIREES,Budget,FrenchFriesPotatoChips175g,420.0
RETIREES,Mainstream,WWOriginalStackedChips160g,419.9
YOUNG SINGLES/COUPLES,Premium,DoritosCornChipsNachoCheese170g,418.00000000000006
OLDER FAMILIES,Mainstream,WWSupremeCheeseCornChips200g,418.0
MIDAGE SINGLES/COUPLES,Budget,ThinsChipsSaltVinegar175g,415.79999999999995
RETIREES,Budget,SmithsCrinkleCutChipsBarbecue170g,414.7
YOUNG FAMILIES,Premium,NaturalChipCompnySeaSalt175g,414.0
YOUNG FAMILIES,Mainstream,NaturalChipCoSeaSaltVinegr175g,414.0
RETIREES,Premium,NaturalChipCompnySeaSalt175g,414.0
NEW FAMILIES,Budget,SmithsCrnkleChipOrgnlBigBag380g,413.0
RETIREES,Budget,SmithsChipThinlyCutOriginal175g,411.0
OLDER SINGLES/COUPLES,Mainstream,WWOriginalCornChips200g,410.4
YOUNG SINGLES/COUPLES,Premium,ThinsPotatoChipsHotSpicy175g,409.2
YOUNG FAMILIES,Premium,SmithsChipThinlyCutSaltVinegr175g,408.0
OLDER FAMILIES,Premium,NaturalChipCoSeaSaltVinegr175g,408.0
RETIREES,Premium,NaturalChipCoSeaSaltVinegr175g,405.0
YOUNG SINGLES/COUPLES,Mainstream,SmithsCrinkleCutChipsChsOnion170g,403.09999999999997
OLDER FAMILIES,Mainstream,WWDStyleChipSeaSalt200g,402.79999999999995
OLDER SINGLES/COUPLES,Mainstream,WWSupremeCheeseCornChips200g,402.79999999999995
OLDER FAMILIES,Premium,SmithsChipThinlyCutSaltVinegr175g,402.0
YOUNG SINGLES/COUPLES,Mainstream,SmithsCrinkleCutChipsBarbecue170g,397.3
YOUNG FAMILIES,Premium,SmithsCrinkleCutChipsChicken170g,397.3
YOUNG SINGLES/COUPLES,Budget,NaturalChipCoSeaSaltVinegr175g,390.0
RETIREES,Mainstream,WWOriginalCornChips200g,389.5
RETIREES,Budget,SmithsChipThinlyCutSaltVinegr175g,387.0
YOUNG SINGLES/COUPLES,Mainstream,NaturalChipCoHonySoyChckn175g,387.0
YOUNG FAMILIES,Budget,WWSourCreamOnionStackedChips160g,385.7
YOUNG FAMILIES,Premium,FrenchFriesPotatoChips175g,384.0
YOUNG SINGLES/COUPLES,Budget,NaturalChipCoTmatoHrbSpce175g,381.0
RETIREES,Budget,NaturalChipCoTmatoHrbSpce175g,381.0
YOUNG FAMILIES,Mainstream,NaturalChipCompnySeaSalt175g,381.0
YOUNG SINGLES/COUPLES,Mainstream,SmithsCrinkleCutChipsOriginal170g,379.9
RETIREES,Budget,SmithsCrinkleCutChipsChsOnion170g,379.9
OLDER FAMILIES,Premium,SmithsCrinkleCutChipsChicken170g,377.0
YOUNG FAMILIES,Premium,SmithsChipThinlySCreamOnion175g,375.0
OLDER SINGLES/COUPLES,Mainstream,WWDStyleChipSeaSalt200g,372.4
RETIREES,Premium,SmithsChipThinlyCutSaltVinegr175g,372.0
RETIREES,Premium,SmithsChipThinlySCreamOnion175g,372.0
YOUNG SINGLES/COUPLES,Mainstream,SmithsChipThinlySCreamOnion175g,369.0
OLDER SINGLES/COUPLES,Budget,WWOriginalStackedChips160g,368.59999999999997
MIDAGE SINGLES/COUPLES,Mainstream,SmithsChipThinlyCutOriginal175g,366.0
OLDER FAMILIES,Premium,SmithsCrinkleCutChipsOriginal170g,365.4
YOUNG SINGLES/COUPLES,Budget,FrenchFriesPotatoChips175g,363.0
RETIREES,Budget,NaturalChipCoHonySoyChckn175g,363.0
OLDER SINGLES/COUPLES,Premium,WWOriginalStackedChips160g,362.9
OLDER FAMILIES,Premium,NaturalChipCoTmatoHrbSpce175g,360.0
RETIREES,Premium,SmithsCrinkleCutChipsBarbecue170g,359.59999999999997
YOUNG FAMILIES,Premium,SmithsCrinkleCutChipsOriginal170g,359.59999999999997
RETIREES,Mainstream,WWSupremeCheeseCornChips200g,357.2
YOUNG SINGLES/COUPLES,Budget,NaturalChipCompnySeaSalt175g,357.0
RETIREES,Mainstream,WWSourCreamOnionStackedChips160g,355.3
OLDER SINGLES/COUPLES,Budget,WWOriginalCornChips200g,353.4
MIDAGE SINGLES/COUPLES,Premium,NaturalChipCoTmatoHrbSpce175g,351.0
MIDAGE SINGLES/COUPLES,Mainstream,SmithsCrinkleCutChipsChicken170g,350.9
RETIREES,Premium,SmithsCrinkleCutChipsChsOnion170g,350.9
MIDAGE SINGLES/COUPLES,Budget,ThinsChipsSeasonedchicken175g,349.79999999999995
RETIREES,Premium,SmithsCrinkleCutChipsChicken170g,348.0
RETIREES,Budget,SmithsCrinkleCutChipsOriginal170g,348.0
RETIREES,Premium,SmithsCrinkleCutChipsOriginal170g,348.0
YOUNG SINGLES/COUPLES,Budget,SmithsCrinkleCutChipsOriginal170g,342.2
YOUNG SINGLES/COUPLES,Budget,NaturalChipCoHonySoyChckn175g,342.0
OLDER SINGLES/COUPLES,Budget,WWSupremeCheeseCornChips200g,342.0
YOUNG SINGLES/COUPLES,Budget,ThinsChipsOriginlsaltd175g,339.9
RETIREES,Budget,SmithsChipThinlySCreamOnion175g,339.0
YOUNG SINGLES/COUPLES,Budget,SmithsChipThinlySCreamOnion175g,339.0
NEW FAMILIES,Budget,CobsPopdSwtChlliSrCreamChips110g,338.2
MIDAGE SINGLES/COUPLES,Premium,ThinsChipsOriginlsaltd175g,336.59999999999997
OLDER SINGLES/COUPLES,Mainstream,WWOriginalStackedChips160g,336.3
RETIREES,Premium,NaturalChipCoHonySoyChckn175g,336.0
RETIREES,Premium,NaturalChipCoTmatoHrbSpce175g,336.0
YOUNG SINGLES/COUPLES,Mainstream,SmithsChipThinlyCutSaltVinegr175g,336.0
NEW FAMILIES,Budget,DoritosCornChipsOriginal170g,334.40000000000003
YOUNG FAMILIES,Mainstream,WWOriginalStackedChips160g,334.4
YOUNG SINGLES/COUPLES,Budget,SmithsCrinkleCutChipsChsOnion170g,330.59999999999997
NEW FAMILIES,Mainstream,SmithsCrnkleChipOrgnlBigBag380g,330.40000000000003
OLDER FAMILIES,Premium,FrenchFriesPotatoChips175g,330.0
RETIREES,Premium,SmithsChipThinlyCutOriginal175g,330.0
MIDAGE SINGLES/COUPLES,Mainstream,SmithsChipThinlySCreamOnion175g,330.0
OLDER FAMILIES,Mainstream,WWOriginalStackedChips160g,328.7
OLDER SINGLES/COUPLES,Premium,WWOriginalCornChips200g,328.7
YOUNG SINGLES/COUPLES,Budget,SmithsChipThinlyCutSaltVinegr175g,327.0
OLDER SINGLES/COUPLES,Premium,WWSupremeCheeseCornChips200g,324.9
YOUNG FAMILIES,Mainstream,WWSupremeCheeseCornChips200g,324.9
YOUNG FAMILIES,Premium,SmithsCrinkleCutChipsBarbecue170g,324.8
MIDAGE SINGLES/COUPLES,Mainstream,NaturalChipCoTmatoHrbSpce175g,324.0
NEW FAMILIES,Budget,DoritosCornChipsNachoCheese170g,321.20000000000005
YOUNG SINGLES/COUPLES,Budget,SmithsCrinkleCutChipsBarbecue170g,319.0
MIDAGE SINGLES/COUPLES,Mainstream,NaturalChipCompnySeaSalt175g,318.0
MIDAGE SINGLES/COUPLES,Premium,SmithsChipThinlyCutOriginal175g,318.0
MIDAGE SINGLES/COUPLES,Mainstream,NaturalChipCoSeaSaltVinegr175g,318.0
RETIREES,Premium,FrenchFriesPotatoChips175g,318.0
YOUNG SINGLES/COUPLES,Mainstream,SmithsCrinkleCutChipsChicken170g,316.09999999999997
RETIREES,Premium,ThinsChipsOriginlsaltd175g,313.5
NEW FAMILIES,Budget,SmithsCrinkleChipsSaltVinegar330g,313.5
OLDER FAMILIES,Premium,WWOriginalCornChips200g,313.5
YOUNG SINGLES/COUPLES,Budget,SmithsCrinkleCutChipsChicken170g,313.2
NEW FAMILIES,Budget,TostitosSmokedChipotle175g,312.40000000000003
OLDER SINGLES/COUPLES,Premium,WWSourCreamOnionStackedChips160g,311.59999999999997
MIDAGE SINGLES/COUPLES,Budget,ThinsPotatoChipsHotSpicy175g,310.2
OLDER FAMILIES,Premium,WWSupremeCheeseCornChips200g,309.7
OLDER FAMILIES,Premium,WWOriginalStackedChips160g,309.7
MIDAGE SINGLES/COUPLES,Premium,SmithsChipThinlyCutSaltVinegr175g,309.0
OLDER FAMILIES,Premium,WWDStyleChipSeaSalt200g,307.8
MIDAGE SINGLES/COUPLES,Mainstream,SmithsCrinkleCutChipsOriginal170g,307.4
YOUNG FAMILIES,Premium,WWOriginalCornChips200g,304.0
RETIREES,Budget,WWSourCreamOnionStackedChips160g,304.0
MIDAGE SINGLES/COUPLES,Premium,NaturalChipCoHonySoyChckn175g,303.0
MIDAGE SINGLES/COUPLES,Premium,SmithsCrinkleCutChipsChicken170g,301.59999999999997
NEW FAMILIES,Budget,CobsPopdSourCrmChivesChips110g,300.2
OLDER SINGLES/COUPLES,Budget,WWDStyleChipSeaSalt200g,300.2
OLDER SINGLES/COUPLES,Premium,WWDStyleChipSeaSalt200g,300.2
MIDAGE SINGLES/COUPLES,Mainstream,SmithsChipThinlyCutSaltVinegr175g,300.0
OLDER SINGLES/COUPLES,Budget,WWSourCreamOnionStackedChips160g,296.4
YOUNG FAMILIES,Mainstream,WWDStyleChipSeaSalt200g,294.5
YOUNG FAMILIES,Mainstream,WWOriginalCornChips200g,294.5
MIDAGE SINGLES/COUPLES,Mainstream,ThinsChipsOriginlsaltd175g,293.7
YOUNG SINGLES/COUPLES,Premium,SmithsCrinkleCutChipsOriginal170g,292.9
OLDER FAMILIES,Mainstream,WWSourCreamOnionStackedChips160g,292.59999999999997
NEW FAMILIES,Mainstream,DoritosCornChipsCheeseSupreme170g,290.40000000000003
MIDAGE SINGLES/COUPLES,Mainstream,SmithsCrinkleCutChipsChsOnion170g,290.0
NEW FAMILIES,Budget,ThinsChipsSaltVinegar175g,287.09999999999997
NEW FAMILIES,Budget,ThinsChipsLightTangy175g,287.09999999999997
NEW FAMILIES,Budget,DoritosCornChipsCheeseSupreme170g,286.0
OLDER FAMILIES,Premium,WWSourCreamOnionStackedChips160g,285.0
MIDAGE SINGLES/COUPLES,Premium,SmithsChipThinlySCreamOnion175g,285.0
NEW FAMILIES,Mainstream,DoritosCornChipSouthernChicken150g,280.8
RETIREES,Premium,WWOriginalCornChips200g,279.3
RETIREES,Budget,WWSupremeCheeseCornChips200g,279.3
MIDAGE SINGLES/COUPLES,Mainstream,SmithsCrinkleCutChipsBarbecue170g,278.4
OLDER FAMILIES,Mainstream,WWOriginalCornChips200g,273.59999999999997
YOUNG FAMILIES,Premium,WWSourCreamOnionStackedChips160g,273.59999999999997
YOUNG FAMILIES,Premium,WWSupremeCheeseCornChips200g,273.59999999999997
MIDAGE SINGLES/COUPLES,Mainstream,NaturalChipCoHonySoyChckn175g,273.0
YOUNG FAMILIES,Mainstream,WWSourCreamOnionStackedChips160g,269.8
NEW FAMILIES,Budget,DoritosCornChipMexicanJalapeno150g,269.1
YOUNG SINGLES/COUPLES,Premium,SmithsChipThinlyCutOriginal175g,267.0
NEW FAMILIES,Premium,SmithsCrnkleChipOrgnlBigBag380g,265.5
MIDAGE SINGLES/COUPLES,Premium,NaturalChipCoSeaSaltVinegr175g,261.0
NEW FAMILIES,Mainstream,CobsPopdSourCrmChivesChips110g,258.4
MIDAGE SINGLES/COUPLES,Premium,FrenchFriesPotatoChips175g,258.0
NEW FAMILIES,Budget,DoritosCornChipSouthernChicken150g,257.4
YOUNG SINGLES/COUPLES,Budget,WWOriginalStackedChips160g,250.79999999999998
YOUNG FAMILIES,Premium,WWDStyleChipSeaSalt200g,248.89999999999998
MIDAGE SINGLES/COUPLES,Premium,SmithsCrinkleCutChipsOriginal170g,246.5
NEW FAMILIES,Premium,DoritosCornChipsCheeseSupreme170g,246.40000000000003
YOUNG SINGLES/COUPLES,Budget,WWSourCreamOnionStackedChips160g,245.1
MIDAGE SINGLES/COUPLES,Mainstream,FrenchFriesPotatoChips175g,243.0
RETIREES,Budget,WWDStyleChipSeaSalt200g,241.29999999999998
MIDAGE SINGLES/COUPLES,Premium,NaturalChipCompnySeaSalt175g,240.0
YOUNG SINGLES/COUPLES,Budget,WWOriginalCornChips200g,239.39999999999998
NEW FAMILIES,Budget,CobsPopdSeaSaltChips110g,239.39999999999998
NEW FAMILIES,Mainstream,CobsPopdSeaSaltChips110g,239.39999999999998
NEW FAMILIES,Mainstream,DoritosCornChipsOriginal170g,237.60000000000002
YOUNG SINGLES/COUPLES,Budget,WWDStyleChipSeaSalt200g,237.5
YOUNG SINGLES/COUPLES,Premium,NaturalChipCoSeaSaltVinegr175g,237.0
RETIREES,Budget,WWOriginalCornChips200g,233.7
NEW FAMILIES,Budget,ThinsPotatoChipsHotSpicy175g,231.0
MIDAGE SINGLES/COUPLES,Budget,NaturalChipCoTmatoHrbSpce175g,231.0
MIDAGE SINGLES/COUPLES,Budget,SmithsChipThinlyCutSaltVinegr175g,228.0
YOUNG SINGLES/COUPLES,Premium,NaturalChipCompnySeaSalt175g,228.0
YOUNG SINGLES/COUPLES,Budget,WWSupremeCheeseCornChips200g,226.1
YOUNG SINGLES/COUPLES,Premium,FrenchFriesPotatoChips175g,225.0
YOUNG SINGLES/COUPLES,Premium,NaturalChipCoTmatoHrbSpce175g,225.0
NEW FAMILIES,Mainstream,TostitosSmokedChipotle175g,224.4
YOUNG SINGLES/COUPLES,Mainstream,WWOriginalStackedChips160g,224.2
MIDAGE SINGLES/COUPLES,Premium,SmithsCrinkleCutChipsChsOnion170g,223.29999999999998
NEW FAMILIES,Mainstream,SmithsCrinkleChipsSaltVinegar330g,222.3
NEW FAMILIES,Premium,SmithsCrinkleChipsSaltVinegar330g,222.3
RETIREES,Budget,WWOriginalStackedChips160g,222.29999999999998
YOUNG SINGLES/COUPLES,Mainstream,WWSupremeCheeseCornChips200g,220.39999999999998
NEW FAMILIES,Mainstream,DoritosCornChipsNachoCheese170g,220.00000000000003
YOUNG SINGLES/COUPLES,Premium,SmithsCrinkleCutChipsBarbecue170g,217.5
MIDAGE SINGLES/COUPLES,Premium,WWOriginalStackedChips160g,216.6
YOUNG SINGLES/COUPLES,Mainstream,WWSourCreamOnionStackedChips160g,216.6
YOUNG FAMILIES,Premium,WWOriginalStackedChips160g,214.7
YOUNG SINGLES/COUPLES,Premium,SmithsCrinkleCutChipsChsOnion170g,214.6
YOUNG SINGLES/COUPLES,Premium,SmithsChipThinlySCreamOnion175g,213.0
RETIREES,Premium,WWSourCreamOnionStackedChips160g,210.89999999999998
NEW FAMILIES,Premium,CobsPopdSwtChlliSrCreamChips110g,209.0
MIDAGE SINGLES/COUPLES,Premium,SmithsCrinkleCutChipsBarbecue170g,205.9
NEW FAMILIES,Mainstream,ThinsChipsSeasonedchicken175g,204.6
NEW FAMILIES,Premium,DoritosCornChipSouthernChicken150g,202.79999999999998
NEW FAMILIES,Mainstream,CobsPopdSwtChlliSrCreamChips110g,201.39999999999998
YOUNG SINGLES/COUPLES,Mainstream,WWOriginalCornChips200g,201.39999999999998
NEW FAMILIES,Budget,ThinsChipsSeasonedchicken175g,201.29999999999998
YOUNG SINGLES/COUPLES,Premium,ThinsChipsOriginlsaltd175g,201.29999999999998
YOUNG SINGLES/COUPLES,Premium,SmithsCrinkleCutChipsChicken170g,200.1
MIDAGE SINGLES/COUPLES,Budget,SmithsCrinkleCutChipsChicken170g,200.1
MIDAGE SINGLES/COUPLES,Premium,WWSupremeCheeseCornChips200g,197.6
YOUNG SINGLES/COUPLES,Mainstream,WWDStyleChipSeaSalt200g,195.7
YOUNG SINGLES/COUPLES,Premium,WWOriginalStackedChips160g,195.7
RETIREES,Premium,WWSupremeCheeseCornChips200g,195.7
NEW FAMILIES,Mainstream,DoritosCornChipMexicanJalapeno150g,195.0
YOUNG SINGLES/COUPLES,Premium,SmithsChipThinlyCutSaltVinegr175g,195.0
NEW FAMILIES,Mainstream,ThinsPotatoChipsHotSpicy175g,191.39999999999998
MIDAGE SINGLES/COUPLES,Mainstream,WWSourCreamOnionStackedChips160g,190.0
MIDAGE SINGLES/COUPLES,Premium,WWSourCreamOnionStackedChips160g,188.1
MIDAGE SINGLES/COUPLES,Mainstream,WWOriginalCornChips200g,186.2
YOUNG SINGLES/COUPLES,Premium,WWSourCreamOnionStackedChips160g,186.2
MIDAGE SINGLES/COUPLES,Budget,NaturalChipCoSeaSaltVinegr175g,186.0
MIDAGE SINGLES/COUPLES,Premium,WWOriginalCornChips200g,182.39999999999998
RETIREES,Premium,WWOriginalStackedChips160g,180.5
NEW FAMILIES,Premium,TostitosSmokedChipotle175g,180.4
MIDAGE SINGLES/COUPLES,Budget,SmithsChipThinlyCutOriginal175g,180.0
MIDAGE SINGLES/COUPLES,Mainstream,WWSupremeCheeseCornChips200g,178.6
MIDAGE SINGLES/COUPLES,Budget,SmithsCrinkleCutChipsChsOnion170g,176.9
MIDAGE SINGLES/COUPLES,Mainstream,WWOriginalStackedChips160g,174.79999999999998
MIDAGE SINGLES/COUPLES,Budget,NaturalChipCompnySeaSalt175g,174.0
YOUNG SINGLES/COUPLES,Premium,NaturalChipCoHonySoyChckn175g,174.0
YOUNG SINGLES/COUPLES,Premium,WWSupremeCheeseCornChips200g,172.9
YOUNG SINGLES/COUPLES,Premium,WWDStyleChipSeaSalt200g,167.2
NEW FAMILIES,Premium,DoritosCornChipsOriginal170g,162.8
MIDAGE SINGLES/COUPLES,Budget,ThinsChipsOriginlsaltd175g,155.1
NEW FAMILIES,Premium,ThinsChipsSaltVinegar175g,155.1
MIDAGE SINGLES/COUPLES,Budget,WWSourCreamOnionStackedChips160g,153.9
MIDAGE SINGLES/COUPLES,Budget,SmithsCrinkleCutChipsBarbecue170g,153.7
MIDAGE SINGLES/COUPLES,Budget,FrenchFriesPotatoChips175g,153.0
RETIREES,Premium,WWDStyleChipSeaSalt200g,152.0
MIDAGE SINGLES/COUPLES,Premium,WWDStyleChipSeaSalt200g,152.0
MIDAGE SINGLES/COUPLES,Budget,SmithsCrinkleCutChipsOriginal170g,147.9
NEW FAMILIES,Premium,CobsPopdSourCrmChivesChips110g,144.4
YOUNG SINGLES/COUPLES,Premium,WWOriginalCornChips200g,142.5
MIDAGE SINGLES/COUPLES,Budget,NaturalChipCoHonySoyChckn175g,141.0
NEW FAMILIES,Premium,DoritosCornChipMexicanJalapeno150g,136.5
NEW FAMILIES,Mainstream,ThinsChipsLightTangy175g,135.29999999999998
NEW FAMILIES,Premium,ThinsPotatoChipsHotSpicy175g,132.0
MIDAGE SINGLES/COUPLES,Budget,WWSupremeCheeseCornChips200g,129.2
NEW FAMILIES,Premium,CobsPopdSeaSaltChips110g,129.2
NEW FAMILIES,Mainstream,ThinsChipsSaltVinegar175g,128.7
MIDAGE SINGLES/COUPLES,Budget,WWOriginalCornChips200g,125.39999999999999
MIDAGE SINGLES/COUPLES,Mainstream,WWDStyleChipSeaSalt200g,121.6
MIDAGE SINGLES/COUPLES,Budget,SmithsChipThinlySCreamOnion175g,114.0
MIDAGE SINGLES/COUPLES,Budget,WWDStyleChipSeaSalt200g,112.1
NEW FAMILIES,Premium,ThinsChipsSeasonedchicken175g,108.89999999999999
NEW FAMILIES,Budget,NaturalChipCompnySeaSalt175g,108.0
NEW FAMILIES,Budget,SmithsCrinkleCutChipsChsOnion170g,107.3
NEW FAMILIES,Premium,DoritosCornChipsNachoCheese170g,105.60000000000001
MIDAGE SINGLES/COUPLES,Budget,WWOriginalStackedChips160g,102.6
NEW FAMILIES,Budget,SmithsChipThinlySCreamOnion175g,102.0
NEW FAMILIES,Mainstream,SmithsChipThinlyCutOriginal175g,93.0
NEW FAMILIES,Mainstream,SmithsChipThinlySCreamOnion175g,90.0
NEW FAMILIES,Budget,SmithsCrinkleCutChipsBarbecue170g,87.0
NEW FAMILIES,Budget,FrenchFriesPotatoChips175g,81.0
NEW FAMILIES,Budget,SmithsChipThinlyCutOriginal175g,81.0
NEW FAMILIES,Budget,ThinsChipsOriginlsaltd175g,79.19999999999999
NEW FAMILIES,Mainstream,NaturalChipCoHonySoyChckn175g,78.0
NEW FAMILIES,Budget,NaturalChipCoTmatoHrbSpce175g,78.0
NEW FAMILIES,Mainstream,SmithsCrinkleCutChipsBarbecue170g,72.5
NEW FAMILIES,Budget,SmithsCrinkleCutChipsOriginal170g,72.5
NEW FAMILIES,Mainstream,FrenchFriesPotatoChips175g,72.0
NEW FAMILIES,Mainstream,SmithsChipThinlyCutSaltVinegr175g,72.0
NEW FAMILIES,Budget,WWOriginalStackedChips160g,70.3
NEW FAMILIES,Premium,ThinsChipsOriginlsaltd175g,69.3
NEW FAMILIES,Budget,NaturalChipCoSeaSaltVinegr175g,69.0
NEW FAMILIES,Mainstream,NaturalChipCoTmatoHrbSpce175g,69.0
NEW FAMILIES,Budget,NaturalChipCoHonySoyChckn175g,66.0
NEW FAMILIES,Budget,WWDStyleChipSeaSalt200g,62.699999999999996
NEW FAMILIES,Premium,ThinsChipsLightTangy175g,59.4
NEW FAMILIES,Mainstream,ThinsChipsOriginlsaltd175g,56.099999999999994
NEW FAMILIES,Budget,SmithsCrinkleCutChipsChicken170g,55.1
NEW FAMILIES,Premium,NaturalChipCoHonySoyChckn175g,51.0
NEW FAMILIES,Premium,NaturalChipCoTmatoHrbSpce175g,51.0
NEW FAMILIES,Mainstream,SmithsCrinkleCutChipsOriginal170g,46.4
NEW FAMILIES,Premium,SmithsCrinkleCutChipsChsOnion170g,46.4
NEW FAMILIES,Premium,WWSupremeCheeseCornChips200g,45.599999999999994
NEW FAMILIES,Mainstream,WWSourCreamOnionStackedChips160g,45.599999999999994
NEW FAMILIES,Budget,WWOriginalCornChips200g,45.599999999999994
NEW FAMILIES,Premium,WWOriginalCornChips200g,43.699999999999996
NEW FAMILIES,Premium,SmithsChipThinlyCutOriginal175g,42.0
NEW FAMILIES,Premium,NaturalChipCoSeaSaltVinegr175g,39.0
NEW FAMILIES,Mainstream,WWSupremeCheeseCornChips200g,38.0
NEW FAMILIES,Budget,WWSourCreamOnionStackedChips160g,36.1
NEW FAMILIES,Mainstream,NaturalChipCoSeaSaltVinegr175g,36.0
NEW FAMILIES,Premium,WWDStyleChipSeaSalt200g,34.199999999999996
NEW FAMILIES,Mainstream,WWOriginalCornChips200g,34.199999999999996
NEW FAMILIES,Mainstream,NaturalChipCompnySeaSalt175g,33.0
NEW FAMILIES,Budget,WWSupremeCheeseCornChips200g,32.3
NEW FAMILIES,Mainstream,WWOriginalStackedChips160g,30.4
NEW FAMILIES,Mainstream,SmithsCrinkleCutChipsChicken170g,29.0
NEW FAMILIES,Mainstream,SmithsCrinkleCutChipsChsOnion170g,29.0
NEW FAMILIES,Budget,SmithsChipThinlyCutSaltVinegr175g,27.0
NEW FAMILIES,Premium,SmithsChipThinlyCutSaltVinegr175g,27.0
NEW FAMILIES,Premium,WWSourCreamOnionStackedChips160g,26.599999999999998
NEW FAMILIES,Premium,SmithsCrinkleCutChipsOriginal170g,26.1
NEW FAMILIES,Premium,WWOriginalStackedChips160g,24.7
NEW FAMILIES,Premium,SmithsCrinkleCutChipsChicken170g,23.2
NEW FAMILIES,Premium,SmithsCrinkleCutChipsBarbecue170g,23.2
NEW FAMILIES,Mainstream,WWDStyleChipSeaSalt200g,22.799999999999997
NEW FAMILIES,Premium,SmithsChipThinlySCreamOnion175g,21.0
NEW FAMILIES,Premium,NaturalChipCompnySeaSalt175g,18.0
NEW FAMILIES,Premium,FrenchFriesPotatoChips175g,15.0
